{"stats":{"minecraft:mined":{"minecraft:birch_log":1,"minecraft:birch_leaves":2,"minecraft:oak_leaves":1},"minecraft:custom":{"minecraft:jump":27,"minecraft:time_since_rest":794,"minecraft:crouch_one_cm":19,"minecraft:leave_game":1,"minecraft:sprint_one_cm":1810,"minecraft:play_time":794,"minecraft:time_since_death":794,"minecraft:walk_one_cm":1019,"minecraft:sneak_time":34,"minecraft:total_world_time":794,"minecraft:fall_one_cm":2357,"minecraft:fly_one_cm":3361},"minecraft:used":{"minecraft:birch_log":1},"minecraft:picked_up":{"minecraft:oak_sapling":1,"minecraft:birch_log":1}},"DataVersion":3953}